date	open	high	low	close	volume	split	dividend	absoluteChange	percentChange
2010-01-04	25.436282332605284	25.835021381744056	25.411360259406774	25.710416	38409100		
2010-01-05	25.627344939513726	25.83502196495549	25.452895407434543	25.718722	49749600		
2010-01-06	25.65226505944465	25.81840750861228	25.353210976925574	25.560888	58182400		
2010-01-07	25.444587793771767	25.502739021094353	25.079077898061875	25.295062	50559700		
2010-01-08	25.153841756996414	25.6522649488092	25.120612602739726	25.46951	51197400		
2010-01-11	25.511044730573705	25.55258096597291	25.02092861663475	25.145534	68754700		
2010-01-12	25.045848646491518	25.253525666777517	24.84647870701696	24.979392	65912100		
2010-01-13	25.13722727051071	25.353211377924218	24.929550244151567	25.211991	51863500		
2010-01-14	25.178761733851413	25.83502196495549	25.137227159471163	25.718722	63228100		
2010-01-15	25.818406945612217	25.95132023748152	25.51104412745638	25.635652	79913200		
2010-01-19	25.544274163987136	25.95132113440514	25.486124596784563	25.835022	46575700		
2010-01-20	25.59411494568944	25.702108656795026	25.17876090842236	25.41136	54849500		
2010-01-21	25.427975689088637	25.51935191837554	24.92124291902699	24.92955	73086700		
2010-01-22	24.921242227943445	25.087384673504477	23.9576208617963	24.057305	102004600		
2010-01-25	24.289904353342425	24.63880174829468	24.17360522169168	24.356361	63373000		
2010-01-26	24.256677400199628	24.796636835593223	24.165298678305085	24.505889	66639900		
2010-01-27	24.381282411526794	24.771715213346813	24.107148742163798	24.647109	63949500		
2010-01-28	24.788329503429356	24.813251576935805	23.999155984106725	24.223448	117513700		
2010-01-29	24.838171916252662	24.854786078069555	22.977385792760824	23.409354	193888500		
2010-02-01	23.583802007377084	23.658566566701865	23.193370033086943	23.600417	85931100		
2010-02-02	23.567188934614894	23.675180153730853	23.376124415817756	23.641951	54413700		
2010-02-03	23.47581083464236	23.916086957012187	23.359512531703963	23.783172	61397900		
2010-02-04	23.575494533516057	23.67518033405172	23.101990926835022	23.126913	77850000		
2010-02-05	23.259826837972874	23.492425937060705	22.90262235438972	23.276441	80960100		
2010-02-08	23.268134182833126	23.326283750587436	22.902622614091726	23.027228	52820600		
2010-02-09	23.234904845121957	23.542267674401998	23.052149892895393	23.268134	59195800		
2010-02-10	23.284748153680564	23.459196018578062	23.12691278885316	23.251519	48591300		
2010-02-11	23.201676634364272	23.59210943129056	23.01061460700204	23.359512	65993700		
2010-02-12	23.101991198292986	23.309668221207414	22.9109291679198	23.201677	81117200		
2010-02-16	23.47709177175651	23.677395688560953	23.38528740952381	23.660703	51935600		$0.130
2010-02-17	23.810930273207585	23.911080561385095	23.669049515949805	23.861005	45882900		
2010-02-18	23.861005604453073	24.228227231839046	23.794238187581573	24.17815	42856500		
2010-02-19	24.0279246886073	24.13642090510949	23.944465418534303	24.011232	44451800		
2010-02-22	24.06965319596241	24.15311329961183	23.91108058475461	23.977848	36707100		
2010-02-23	23.93611844264031	24.061307346629015	23.443708753618075	23.644011	52266200		
2010-02-24	23.80258363823205	24.027924500255413	23.685739826453087	23.894388	43165900		
2010-02-25	23.593936399999997	23.911081636363633	23.385288218181813	23.869352	48735300		
2010-02-26	23.911081145797	24.077999687826996	23.794238166376	23.927773	40370600		
2010-03-01	24.01123281771192	24.24491794728184	23.810931397308096	24.219881	43805400		
2010-03-02	24.26995529971733	24.45356485597533	23.568897443742003	23.752507	93123900		
2010-03-03	23.794237468876933	23.87769757203811	23.660702639167347	23.752507	48442100		
2010-03-04	23.7525072419881	23.911080688476446	23.593935464685135	23.894388	42890600		
2010-03-05	23.919426488282614	23.93611834207765	23.719124242742218	23.861005	56001800		
2010-03-08	23.80258363823205	24.144766642848992	23.785891784348298	23.894388	39414500		
2010-03-09	23.835966751378393	24.294994406988312	23.827620824352493	24.036269	50271600		
2010-03-10	24.086346470987106	24.29499464871055	24.036269239148055	24.17815	44891400		
2010-03-11	24.11138228226816	24.361761761597496	24.077999408841674	24.353415	35349700		
2010-03-12	24.470258636146227	24.520333364928977	24.23657350832009	24.428529	31700200		
2010-03-15	24.35341496847337	24.511988415951947	24.21153420957548	24.445221	37512000		
2010-03-16	24.55371679966916	24.61213828763574	24.370107243509732	24.511988	36723500		
2010-03-17	24.620484783006575	24.929284918267495	24.5370255125557	24.728981	50385700		
2010-03-18	24.728980184354267	24.804093525282557	24.620483970939414	24.71229	43845200		
2010-03-19	24.837478759040216	24.954321737073336	24.495295751943225	24.695598	81332100		
2010-03-22	24.62048472972973	24.787404104862972	24.52867869783973	24.703944	37718200		
2010-03-23	24.695597951994575	24.95432168856498	24.545371266244018	24.937629	42026600		
2010-03-24	24.804093653097034	24.912591536256325	24.70394336593592	24.745673	33987700		
2010-03-25	24.89590031356214	25.51349891336221	24.870861697896466	25.046127	73168700		
2010-03-26	25.112893854012135	25.204699883817227	24.695597512137557	24.754019	55595500		
2010-03-29	24.795748289435686	24.88755432105441	24.662213457397836	24.695598	33336000		
2010-03-30	24.72898118589772	24.920939178563152	24.620484968088682	24.845825	34954800		
2010-03-31	24.737326775604377	24.804094191556327	24.345069041479377	24.445221	63760000		
2010-04-01	24.495295612139916	24.65386905887253	23.886043779037138	24.336723	74768100		
2010-04-05	24.311685184197852	24.56206383566792	24.228227581090845	24.428529	34331200		
2010-04-06	24.32837724079127	24.68725210231924	24.18649648158254	24.470258	47366800		
2010-04-07	24.336723385349234	24.670559634231825	24.32003069658276	24.495296	58318800		
2010-04-08	24.470258371657753	25.021089562834224	24.453565682786962	24.971014	63713800		
2010-04-09	24.996052675396935	25.379964490112062	24.954322205009888	25.321543	54752500		
2010-04-12	25.24642851253298	25.44673075527704	25.21304397081629	25.30485	37068800		
2010-04-13	25.16296936082202	25.455076799504866	25.146276672590325	25.413348	41374600		
2010-04-14	25.697110053606323	25.872373685918234	25.58861216807268	25.722147	68941200		
2010-04-15	25.722146531190592	25.830644414746768	25.630340501321108	25.763877	52745400		
2010-04-16	25.697109958166223	25.855681735898273	25.53853651124878	25.596958	88703100		
2010-04-19	25.680417138517488	26.081021630766053	25.672071211595643	25.905758	64970300		
2010-04-20	26.055983352397597	26.23959541623828	25.980870009129525	26.172828	52199500		
2010-04-21	26.147789	26.289669757421002	26.064329730928822	26.147789	55343100		
2010-04-22	25.90575822439064	26.314708647103302	25.788914411880036	26.197864	84847600		
2010-04-23	25.972525500371916	26.356437305440483	25.580266099168803	25.838989	126766600		
2010-04-26	25.87237297099412	26.106059755002228	25.75553083087908	25.964179	63649300		
2010-04-27	25.83064510525721	26.08102208265802	25.663725729335493	25.747185	68730900		
2010-04-28	25.805605926884507	25.872373341960532	25.55522895494209	25.79726	64557900		
2010-04-29	25.813952510322583	26.23124886516129	25.596958405806454	25.872374	52665200		
2010-04-30	25.93079529827127	25.93914122530644	25.471769311336956	25.488462	63214800		
2010-05-03	25.59695755583417	25.922447867207428	25.521844214457413	25.755531	43989500		
2010-05-04	25.471768984791538	25.49680593098337	24.829132611322027	25.146277	82085600		
2010-05-05	24.845824584254604	25.11289424723618	24.77905800310191	24.912592	66833800		
2010-05-06	24.695597537612148	24.937628581556385	23.29348182746722	24.186496	128613000		
2010-05-07	24.144766572660995	24.16145926108892	22.801072338924936	23.543859	173718100		
2010-05-10	24.21153365302234	24.60379221272315	23.96115501436531	24.153113	86653300		
2010-05-11	23.936118296957	24.745673204490068	23.844313101257377	24.103036	63789400		
2010-05-12	24.186496522197807	24.6872521437754	24.13642096004005	24.57041	47146800		
2010-05-13	24.420181853625174	24.81244041381669	24.35341443912449	24.40349	45188800		
2010-05-14	24.370107865356623	24.37845212323654	23.90273428051272	24.144767	63334000		
2010-05-17	24.30333968243861	24.395144042669525	23.744162586694905	24.153113	46053300		
2010-05-18	24.203414670176816	24.31240045454545	23.80938527272727	23.977057	52690600		$0.130
2010-05-19	23.90998841926346	24.052510226460626	23.29798745025666	23.675248	61746700		
2010-05-20	23.180615815912365	23.33990395352623	22.669217896668577	22.727903	87991100		
2010-05-21	22.325489846440167	22.72790367218875	22.166203380832563	22.501546	117596300		
2010-05-24	22.509930022839743	22.518314447799085	22.015298413399314	22.023682	73711700		
2010-05-25	21.503899367088607	22.073983248945147	21.277541693286924	21.85601	98373600		
2010-05-26	21.990147560975608	22.30872468881847	20.59008776619952	20.96735	176684100		
2010-05-27	21.570968163461536	22.09913495374327	21.570968163461536	21.797325	136433600		
2010-05-28	21.663187183844464	21.89792844060389	21.512282629158243	21.629652	67496900		
2010-06-01	21.40329755729635	22.057215639324475	21.394913132287105	21.705105	76152400		
2010-06-02	21.84762554061438	22.19973701132793	21.570968024979894	22.182969	65718800		
2010-06-03	22.258421143829665	22.57699826667914	22.14105177211274	22.518314	67837000		
2010-06-04	21.881160338070558	22.275188895882554	21.478749032280763	21.62127	89832200		
2010-06-07	21.646420244111496	21.654803830573194	21.160172229332847	21.202091	80456200		
2010-06-08	21.16855536963141	21.176938955916413	20.665540192531253	21.051186	87355000		
2010-06-09	21.14340352939433	21.394911953412183	20.749375816886815	20.782911	87794000		
2010-06-10	21.067951784841362	21.084719796	20.77452793755864	20.958966	78930900		
2010-06-11	20.992501474368005	21.56258368073722	20.76614380007794	21.512283	68057700		
2010-06-14	21.679954944240983	21.763789130268826	21.352993402817845	21.378145	50972400		
2010-06-15	21.587735317908205	22.342258105718585	21.579351731376974	22.283573	81641500		
2010-06-16	22.191351955334383	22.283572242401213	21.990146723784193	22.065599	48698000		
2010-06-17	22.266804463620687	22.359024751648665	21.830859650991975	22.107518	47995500		
2010-06-18	22.10751789594119	22.241655276647037	21.939845331700255	22.166203	52075600		
2010-06-21	22.45124465372495	22.54346242509174	21.70510380614602	21.755407	54625300		
2010-06-22	21.93146288242142	22.17458773591397	21.59611941327125	21.604503	55985400		
2010-06-23	21.612887249772587	21.612887249772587	21.143404720053248	21.218857	61466200		
2010-06-24	21.34461013604136	21.562583382441364	20.9002808952	20.958966	85243400		
2010-06-25	21.00088281019891	21.051186004637266	20.380497424972063	20.564938	156256700		
2010-06-28	20.548170568826432	20.63200727241897	20.22121153277291	20.380498	73784800		
2010-06-29	20.229593082687863	20.288279864024833	19.37446894923243	19.542139	119882100		
2010-06-30	19.53375617598292	19.852333308996087	19.240332318150063	19.290633	81050500		
2010-07-01	19.3577008955095	19.55052338169257	19.055891786701206	19.416386	92239400		
2010-07-02	19.58405911768827	19.684661318435754	19.32416625661341	19.508606	62485100		
2010-07-06	19.86910080057527	20.196059835012594	19.768496924433247	19.969703	73592000		
2010-07-07	19.969702693403402	20.388882011065103	19.793648218344124	20.372114	79965300		
2010-07-08	20.623622138467844	20.640390149296763	20.0954553672948	20.464334	50758100		
2010-07-09	20.39726652039555	20.464335214256288	20.2463619592089	20.346965	53806100		
2010-07-12	20.48110154450262	20.86674567996597	20.472717958115187	20.816445	49854200		
2010-07-13	21.076335586485612	21.210472970255505	20.875130349189423	21.067952	61928700		
2010-07-14	21.37814467853205	21.470364964523547	21.059569243249793	21.327844	72808100		
2010-07-15	21.378145413563306	21.453597691493528	20.94219891885535	21.386529	56934700		
2010-07-16	21.386529202351518	21.495514988701046	20.858362413483988	20.866746	65064800		
2010-07-19	20.92543033405517	21.210472265089656	20.883513241379312	21.151788	38181800		
2010-07-20	20.841596485140425	21.361378	20.707459103664757	21.361378	45530700		
2010-07-21	21.461981311226864	21.50389924347535	20.942198951345585	21.05957	73297300		
2010-07-22	21.386528652089787	21.788940794504644	21.352993468529917	21.663187	73016400		
2010-07-23	21.663187597953797	21.814092155524683	21.16855599258256	21.638036	108520100		
2010-07-26	21.67995576019774	21.96499770425904	21.62965256394019	21.881161	67249900		
2010-07-27	21.914693988858485	21.998530691131496	21.763789433812615	21.931462	60672100		
2010-07-28	21.85600919591487	21.956613068546975	21.654803127367895	21.755407	69704800		
2010-07-29	21.90631018637011	22.141051441373364	21.4619809503657	21.822476	69446200		
2010-07-30	21.587735319168356	21.663187597953797	21.252391857899724	21.638036	83534800		
2010-08-02	21.788941062286362	22.11590009365807	21.58773498860615	22.073983	55044600		
2010-08-03	21.96499718392439	22.09075014143731	21.772173020204054	21.931462	56877700		
2010-08-04	21.923077615623782	21.998529890400306	21.327843841856467	21.570967	78531900		
2010-08-05	21.36976119591008	21.445213471611606	21.135019944257824	21.269159	64922100		
2010-08-06	21.10987113306736	21.428446586629494	20.97573374699545	21.420063	55982100		
2010-08-09	21.42006180630899	21.570967195588945	21.269158932104883	21.470365	57096500		
2010-08-10	21.235624245313122	21.24400783167132	20.85836202083562	21.017651	87257700		
2010-08-11	20.69069061099394	20.875129506229705	20.590086738870365	20.841596	76746900		
2010-08-12	20.472717895467543	20.690691140873827	20.422417215655496	20.531403	70240500		
2010-08-13	20.414033067622952	20.682307834836067	20.32181361639344	20.455951	45263500		
2010-08-16	20.42241762693008	20.63200729019539	20.3721144310291	20.539787	40909700		
2010-08-17	20.826348	21.03705569772188	20.73363745583316	20.826348	52912600		$0.130
2010-08-18	20.80106369057212	21.028628844442387	20.573499379532635	20.91906	46818900		
2010-08-19	20.750494539619087	20.8516333898677	20.404932235936283	20.598785	54064600		
2010-08-20	20.489214616929882	20.56507022699133	20.39650492042051	20.421789	49560100		
2010-08-23	20.598784923605727	20.767349392451344	20.430217926267794	20.463932	51643000		
2010-08-24	20.303793696597598	20.52292970162522	20.2279389256265	20.261653	66522500		
2010-08-25	20.227938921161822	20.41336085177502	20.118371761502985	20.312222	47404800		
2010-08-26	20.303793308564234	20.388077228641016	20.05094491965697	20.076229	49105300		
2010-08-27	20.126798617261137	20.244795771834518	19.814952064772253	20.168941	60939400		
2010-08-30	20.00880292169217	20.07622938478128	19.890806611286237	19.924519	45453100		
2010-08-31	19.890806846647074	20.00037485046335	19.654814223042784	19.781238	66074600		
2010-09-01	19.949803926778245	20.185797380487656	19.840236771701047	20.143655	65235900		
2010-09-02	20.126797469333063	20.185797307500906	19.983516241817657	20.177369	48837100		
2010-09-03	20.430217619175888	20.607212921578718	20.396505231611968	20.47236	64189100		
2010-09-07	20.312222154099423	20.48078747022381	20.16051261103976	20.194225	51928700		
2010-09-08	20.286937311742584	20.39650615833435	20.00880314834935	20.168941	65512400		
2010-09-09	20.388077383022363	20.40493231293765	20.219510384423156	20.236367	46028900		
2010-09-10	20.211082000838577	20.253224382453418	20.050944996289896	20.101514	58284300		
2010-09-13	20.396505016605975	21.31519053517684	20.303792791167155	21.163481	114680400		
2010-09-14	21.104483307693638	21.365760003365565	20.97805700662757	21.096055	87160400		
2010-09-15	21.15505254159823	21.25619139219342	21.003343001459278	21.17191	56201900		
2010-09-16	21.121338842917336	21.382618074571813	21.112910534982078	21.348904	44548300		
2010-09-17	21.407902387307782	21.51747123448307	21.13819653045981	21.256192	70341600		
2010-09-20	21.306763224270032	21.509041771136452	21.16348198990118	21.433187	49838700		
2010-09-21	21.424758309343936	21.424758309343936	21.138195845725644	21.197194	52675700		
2010-09-22	20.9780569288857	21.045483390184913	20.531358308439973	20.742066	94299400		
2010-09-23	20.657782462546052	20.725208925092097	20.531358688102987	20.590356	46201800		
2010-09-24	20.767349008365777	20.902201929477442	20.716780005779658	20.885347	51948800		
2010-09-27	20.944344692680957	21.062341000808733	20.72520869187222	20.843205	43603300		
2010-09-28	20.902202852469042	20.98648677471637	20.522929837925446	20.801064	56041200		
2010-09-29	20.75892115798555	20.78420692408163	20.565070922448978	20.649354	44318900		
2010-09-30	20.742066537400003	20.9274884679461	20.53135884038081	20.640926	61262700		
2010-10-01	20.876918853852292	20.91906039372684	20.48078753620072	20.548214	62672300		
2010-10-04	20.194224696274194	20.21951046256796	20.042516841157838	20.152084	98143400		
2010-10-05	20.278508224931002	20.607213922912933	20.1520844476386	20.52293	78152900		
2010-10-06	20.49764461399918	20.6830682288316	20.33750592262153	20.590356	50489700		
2010-10-07	20.750494770654107	20.860061929879254	20.463932303738595	20.67464	50096100		
2010-10-08	20.750494381292306	20.77577846153846	20.539786688984616	20.708352	41327800		
2010-10-11	20.851633617730783	20.851633617730783	20.649354229361528	20.725209	27587800		
2010-10-12	20.77577846153846	21.01177107692308	20.590355692307693	20.927488	50141500		
2010-10-13	21.087626149960535	21.525898999105447	20.97805730555122	21.357332	75336500		
2010-10-14	21.315190688252873	21.35733138327388	21.070768925881886	21.26462	51949100		
2010-10-15	21.374189459346496	21.53432562215252	21.26462061493263	21.525899	68954800		
2010-10-18	21.56803892718823	21.871458840506975	21.450043464829204	21.76189	48330500		
2010-10-19	21.298334235458164	21.382618157970235	21.02862922330888	21.155053	66150900		
2010-10-20	21.289906302248372	21.407902615879202	21.155053372384568	21.332047	56283600		
2010-10-21	21.407901384736427	21.525898534412196	21.112909774793152	21.424758	50032400		
2010-10-22	21.509041150080424	21.52589860823257	21.298333458563178	21.391044	25837900		
2010-10-25	21.27304869579005	21.365760080755855	21.2140505417209	21.230908	50912400		
2010-10-26	21.171909840514168	21.888314311223283	21.12133830852058	21.829317	69304200		
2010-10-27	21.736606682623712	22.00631253251645	21.593325449868193	21.955741	64805500		
2010-10-28	22.090593161712853	22.233874389517986	21.846173086523095	22.149593	80730300		
2010-10-29	22.88285577615298	22.924998158166364	22.318159151106112	22.478297	114193200		
2010-11-01	22.65529016068348	22.941852621293407	22.50358230837505	22.71429	61912100		
2010-11-02	22.8069998452671	23.11041976598831	22.77328745722116	23.085134	54402100		
2010-11-03	23.144131536594614	23.16941730190835	22.722716161878203	22.781716	110255300		
2010-11-04	23.101992158142675	23.118848774091703	22.76485983916212	22.874427	93599300		
2010-11-05	22.899712856238363	22.91657031508406	22.360301986592436	22.630007	110953700		
2010-11-08	22.486725838370972	24.33252614094812	22.40244275801726	22.596293	71670800		
2010-11-09	22.596292007028495	22.849142922639963	22.512008930378517	22.71429	58538600		
2010-11-10	22.764859311623635	22.823857466078042	22.596292313208824	22.705862	52277300		
2010-11-11	22.486725	22.52043738805379	22.149593533985197	22.486725	62073100		
2010-11-12	22.309730316286068	22.35187269889608	21.997883764750668	22.141165	64962200		
2010-11-15	22.191734157185717	22.33501538797651	22.0568812340885	22.082167	51794600		
2010-11-16	22.082167877926842	22.082167877926842	21.75144333016053	21.887124	65339200		$0.160
2010-11-17	21.96344512319124	21.971925217833398	21.666640962706218	21.683602	58299700		
2010-11-18	21.80232291940538	22.116087275541794	21.71752366728193	21.912565	59514000		
2010-11-19	21.878643345114547	21.904084477069503	21.70904230015406	21.785364	52423200		
2010-11-22	21.751442244461717	21.827763094442282	21.57336110918317	21.819283	53350500		
2010-11-23	21.68360241824831	21.7090427026655	21.27655786757333	21.301999	69742500		
2010-11-24	21.36983939078288	21.590320155919546	21.33591816413409	21.514001	56825900		
2010-11-26	21.378317773376672	21.547920514455445	21.34439824277228	21.412239	21356500		
2010-11-29	21.361359558849408	21.55640089041489	21.14087624697259	21.463119	56603600		
2010-11-30	21.24263616505467	21.598800138926403	21.200236539984164	21.420719	75282100		
2010-12-01	21.68360170915508	22.260248137087245	21.675120766617212	22.082167	74123500		
2010-12-02	22.251768687681988	22.8792957009779	22.21784915659439	22.802974	91759200		
2010-12-03	22.73513316235322	22.94713553096906	22.709694574138265	22.913216	52622000		
2010-12-06	22.836894851713858	22.879295324888226	22.692733242921015	22.760574	36264200		
2010-12-07	22.964096138291918	23.006495763211362	22.769053962818983	22.786015	57860500		
2010-12-08	22.752093224752112	23.0997770943812	22.726652093599082	23.091297	41666800		
2010-12-09	23.133698738703696	23.184578457902514	22.904735338257023	22.964096	47148300		
2010-12-10	23.05737842701459	23.23545956839795	22.989537669150657	23.184579	37625800		
2010-12-13	23.1252181893578	23.27786074158745	23.04041724256881	23.108258	47943900		
2010-12-14	23.159137372876202	23.532262381163566	23.116737748126805	23.422022	64070500		
2010-12-15	23.345701814616298	23.73578532710951	23.345701814616298	23.617064	69634200		
2010-12-16	23.540742822436588	23.735785	23.455941875669883	23.735785	57680200		
2010-12-17	23.676424189247314	23.82058579784946	23.53226258064516	23.659464	87456500		
2010-12-20	23.701866024272167	23.73578555576359	23.47290261463152	23.583143	52811000		
2010-12-21	23.61706292304952	23.86298481283844	23.54074207338796	23.803625	38153000		
2010-12-22	23.75274445254543	24.083468134676547	23.72730416930457	23.905387	42252300		
2010-12-23	23.71882387668399	24.015628037301347	23.710343782038052	23.998667	24902500		
2010-12-27	23.84602632004364	23.913867075298363	23.6425023582606	23.803625	21652800		
2010-12-28	23.718823773554266	23.88842651374509	23.710343678945197	23.752745	23042200		
2010-12-29	23.693385411948853	23.846027116369363	23.642503147789746	23.718824	19502500		
2010-12-30	23.676424663554755	23.744265421903048	23.557704184454717	23.617064	20786100		
2010-12-31	23.574662111503258	23.676424094589752	23.43050050347746	23.667944	24752000		
2011-01-03	23.78666481496408	23.89690689421015	23.676424431736955	23.727305	53443800		
2011-01-04	23.69338542757515	23.88842675756497	23.61706372730509	23.820586	54405600		
2011-01-05	23.659464053571426	23.752745094642858	23.549222823214283	23.744265	58998700		
2011-01-06	23.778186459390458	24.465073284177656	23.625544754324533	24.439633	88026300		
2011-01-07	24.2869905310115	24.371792326573424	23.95626768356643	24.253071	73762000		
2011-01-10	23.964748227666487	24.083469556465964	23.778186987562506	23.930827	57573600		
2011-01-11	23.913867852140847	23.95626747754296	23.786664735887168	23.837547	50298900		
2011-01-12	23.84602761669694	24.244591227481305	23.803626294347684	24.21067	52631100		
2011-01-13	24.024107473781218	24.074987192253488	23.75274445254543	23.905387	67077600		
2011-01-14	23.81210576579879	24.06650775716752	23.667944156817818	23.998667	62688400		
2011-01-18	23.879946272156317	24.37179175645499	23.86298523503311	24.303951	53322700		
2011-01-19	24.13434890521671	24.32091183845844	23.973227952343795	24.142829	50005900		
2011-01-20	24.168270423280422	24.210670049697743	23.85450606451256	24.041069	58613600		
2011-01-21	24.083469607423268	24.10890989221984	23.761226	23.761226	58080300		
2011-01-24	23.76122543767531	24.219149705167077	23.735785153480798	24.066508	52047800		
2011-01-25	23.862985371217736	24.12587	23.846026878026116	24.12587	42436600		
2011-01-26	24.17674959879258	24.583794137811182	24.16826950422969	24.405713	74628800		
2011-01-27	24.380272016616836	24.98235788623513	24.159789556640472	24.482034	146938600		
2011-01-28	24.507473899099097	24.532914183423422	23.277861004766233	23.532263	141249400		
2011-01-31	23.54922237793004	23.659463606202667	23.252419071042194	23.515302	65029000		
2011-02-01	23.5746623531338	23.795144814727227	23.413542250296	23.735785	62810700		
2011-02-02	23.68490405744796	23.837546607223995	23.642502736725568	23.693385	45824000		
2011-02-03	23.71882317260539	23.71882317260539	23.354180809673093	23.447461	60340100		
2011-02-04	23.489863185063847	23.608583662945627	23.32874053763054	23.549223	40412200		
2011-02-07	23.574662514591115	24.032588478277003	23.566184115875316	23.913868	68980900		
2011-02-08	23.829065451588917	24.0325877187911	23.786664131245683	23.981708	34904200		
2011-02-09	23.90538777919956	23.964747594020295	23.6679442798693	23.718824	52905100		
2011-02-10	23.684904065454546	23.693385008009457	23.14217886255491	23.32026	76672400		
2011-02-11	23.540742828623856	23.583142454008883	22.955616295779816	23.108258	83939700		
2011-02-14	23.07433596322817	23.12521737752479	22.85385520533592	23.091297	56766200		
2011-02-15	23.065708444479725	23.31308389328946	22.988936488738926	22.997465	44116500		$0.160
2011-02-16	23.07423779982798	23.091299088082902	22.69037886010363	23.048648	70817900		
2011-02-17	23.00599577968669	23.347206186252375	22.95481532763011	23.210721	57207300		
2011-02-18	23.14247952327094	23.210721264152006	23.023057329750827	23.082768	68667800		
2011-02-22	22.84392298314584	23.116889086122605	22.622136478375328	22.681848	60889000		
2011-02-23	22.630667548772017	22.91216472214547	22.545364522000753	22.681848	60234100		
2011-02-24	22.724498320680166	23.08276745179709	22.605076129996267	22.835392	64494200		
2011-02-25	22.954815688316973	22.988937411927097	22.605076764786318	22.647727	53006300		
2011-02-28	22.767151245045824	22.91216494181031	22.61360647780286	22.673318	51379900		
2011-03-01	22.69037857033639	22.843923338495753	22.30651878249235	22.315049	60055000		
2011-03-02	22.272398505245672	22.49418415785303	22.21268698338984	22.246807	48658200		
2011-03-03	22.400350450368304	22.519773491611698	22.332108712514934	22.34917	68271500		
2011-03-04	22.366229163693866	22.383290451510963	22.007960032991328	22.135915	70437200		
2011-03-07	22.289457924562168	22.408881824995404	21.794705299571785	21.939719	64980400		
2011-03-08	21.9823699579313	22.195625390196838	21.880007350443844	22.101793	50549800		
2011-03-09	22.016490260786338	22.161504809637112	21.88853785278246	22.084732	39789100		
2011-03-10	21.854417415005194	21.93118766409752	21.624100696576154	21.675282	66549500		
2011-03-11	21.67528312266355	22.05061270054517	21.63263288728968	21.905599	49905800		
2011-03-14	21.743523801731264	21.97383966781473	21.62410076005836	21.914129	54473400		
2011-03-15	21.393785115154987	21.726462738804326	21.325543376350666	21.658221	76067300		
2011-03-16	21.513207645840353	21.564390656797872	21.05257675463587	21.14641	100725400		
2011-03-17	21.376723374713386	21.51320684943157	21.112287495468628	21.137879	62497000		
2011-03-18	21.37672465974942	21.47908812496323	21.154939	21.154939	85486700		
2011-03-21	21.479087737070667	21.820296438215554	21.4534970844848	21.607041	46878100		
2011-03-22	21.581449	21.717932477331363	21.521738331689264	21.581449	30895600		
2011-03-23	21.521738408702493	21.845887521546146	21.479087321883817	21.786176	43969000		
2011-03-24	21.83735728157138	22.06767401217222	21.75205510469024	22.016491	38696700		
2011-03-25	22.118853888413195	22.13591517636623	21.82882649458132	21.854418	57029800		
2011-03-28	21.888537430932704	21.93971788133483	21.649690495266352	21.675282	48973200		
2011-03-29	21.615570739898004	21.769114652020402	21.581449017515734	21.743524	40763500		
2011-03-30	21.8373559298182	21.939717682717507	21.752053758217347	21.845887	41999300		
2011-03-31	21.837356417383084	21.905598156187406	21.615570766269038	21.658221	63233700		
2011-04-01	21.7776459401489	21.7776459401489	21.58997945074592	21.734994	63114200		
2011-04-04	21.709404530493526	21.888538246126743	21.675282807251772	21.794705	35433700		
2011-04-05	22.025021016096936	22.332108838164903	21.95677927785961	21.990901	73651100		
2011-04-06	22.16150430745698	22.44300062231289	22.059142553977747	22.306518	65581400		
2011-04-07	22.340639782768328	22.400350450368304	22.15297329762812	22.34917	46134700		
2011-04-08	22.323579174913693	22.417412420340504	22.144443754573185	22.238277	39887600		
2011-04-11	22.340639411913163	22.39181986143187	22.007959239357042	22.161504	34286300		
2011-04-12	22.033551986878	22.050612422020766	21.794705041857565	21.871477	36920400		
2011-04-13	21.880008288334302	22.067673929794022	21.8032354764061	21.862947	38144700		
2011-04-14	21.683813	21.700874288112235	21.402315821007083	21.683813	55239900		
2011-04-15	21.71793224914883	21.803234421584694	21.479087019350143	21.641162	65080400		
2011-04-18	21.410845434609254	21.564390199114236	21.086696324011765	21.393785	58045100		
2011-04-19	21.32554274353877	21.470556434194833	21.214650774294075	21.453496	38892400		
2011-04-20	21.786176070413042	22.178565217391302	21.76058456521739	21.97384	61608600		
2011-04-21	21.99943172488695	22.084732193608346	21.632632373397925	21.769115	46892300		
2011-04-25	21.803234208156145	21.854417217160083	21.615570283655984	21.845887	33525100		
2011-04-26	21.956779367820566	22.553895432865392	21.89706784661826	22.34064	69200000		
2011-04-27	22.434471259733062	22.511243217533366	22.289457561665827	22.502713	52689000		
2011-04-28	22.570954563337498	22.920695185507494	22.519774111560245	22.78421	80200000		
2011-04-29	22.64772685531157	22.724498813644903	21.63263266783657	22.110324	319317900		
2011-05-02	22.12738494187599	22.17856539360873	21.734994085736556	21.888538	89825600		
2011-05-03	21.83735728157138	22.050612723774226	21.743524887002124	22.016491	71892900		
2011-05-04	22.050612285134775	22.39182098587187	21.99943183304596	22.229746	73292300		
2011-05-05	22.22121494103738	22.246806445645348	21.905597757828705	21.999431	55600000		
2011-05-06	22.23827649291548	22.366228899346662	21.965309539415944	22.067673	55993000		
2011-05-09	22.00796049424886	22.144443975472242	21.89706851877662	22.033552	38696400		
2011-05-10	21.649690843121622	22.050611912738606	21.538798870276587	21.897068	120798700		
2011-05-11	21.88000744952652	21.888537666855772	21.504677034017785	21.632632	78600000		
2011-05-12	21.624100651658768	21.658220667515405	21.410845221169037	21.59851	77400000		
2011-05-13	21.564390434947843	21.59851045151776	21.28289326081669	21.351135	66812300		
2011-05-16	21.29142162316874	21.385254866910866	20.899032478632478	20.958744	91350900		
2011-05-17	20.950158433931485	21.207743207715826	20.838538737357258	21.053192	82882100		$0.160
2011-05-18	21.061777918889348	21.24208579173407	20.821365418332707	21.199156	53931100		
2011-05-19	21.336533551235178	21.36229108322727	21.036018994175524	21.224913	37783600		
2011-05-20	21.224913137303677	21.35370680838844	20.984503207326785	21.027433	45451500		
2011-05-23	20.78702066269437	20.82136604261481	20.632472034037107	20.752677	52692500		
2011-05-24	20.778435508716523	20.855710678902856	20.64105742838526	20.735504	47691800		
2011-05-25	20.75267588165871	20.87288084114387	20.744089751794554	20.769849	34904200		
2011-05-26	20.907226836238344	21.49108454284487	20.88146844588569	21.181983	78016600		
2011-05-27	21.190568959612275	21.37946382067851	21.16481056946688	21.259258	50251000		
2011-05-31	21.430980489647656	21.516841793126268	21.207742817829345	21.473912	60196300		
2011-06-01	21.456739289398282	21.551186721244374	20.92440007760606	20.975916	74033500		
2011-06-02	21.02743337974539	21.16481146634234	20.761263336963804	20.795607	51487800		
2011-06-03	20.649641962382393	20.726917133022294	20.4693340895023	20.529437	60697700		
2011-06-06	20.512264577038774	20.821366128696376	20.40923187130362	20.615299	54778700		
2011-06-07	20.683988249957945	20.75267729354436	20.52085177144022	20.658229	41112600		
2011-06-08	20.520850621518353	20.623884181124303	20.4865069602627	20.555196	42205000		
2011-06-09	20.61529850940311	20.64105775849018	20.452162036400754	20.572367	42878700		
2011-06-10	20.623884896831925	20.623884896831925	20.3405434566958	20.357714	49327200		
2011-06-13	20.42640474353799	20.769849953877205	20.349129571211666	20.641058	47572500		
2011-06-14	20.864296043298474	20.993089716709196	20.769850325989154	20.795607	42894500		
2011-06-15	20.606712384161753	20.61529851432182	20.32337008887953	20.383473	49410200		
2011-06-16	20.39205875	20.692573300000003	20.30619745	20.606712	57184100		
2011-06-17	20.795606620364715	20.86429566240923	20.589540352844185	20.829952	83320400		
2011-06-20	20.7526769494351	21.173397334425715	20.744090819129166	21.01026	54338400		
2011-06-21	21.05319087883683	21.345120159097657	20.950157318255247	21.259258	49708700		
2011-06-22	21.12187935091278	21.302187218466127	21.113293221095336	21.16481	44287300		
2011-06-23	20.984503242068257	21.16481111915595	20.77843611555315	21.147638	59470400		
2011-06-24	21.04460559689735	21.070364846693863	20.769850282886676	20.864296	101387200		
2011-06-27	20.80419351054788	21.860286668359695	20.80419351054788	21.637049	92044200		
2011-06-28	21.722908491112154	22.255249420746104	21.60270352723657	22.152215	81032100		
2011-06-29	22.074939453059894	22.074939453059894	21.774426619174058	21.997666	66051000		
2011-06-30	22.10069862	22.323938	22.03200958	22.323938	52535400		
2011-07-01	22.263835827440435	22.469902954265955	22.186560654880864	22.341111	52906200		
2011-07-05	22.40979905071844	22.452729700240887	22.23807645262864	22.349697	37805300		
2011-07-06	22.298179451679417	22.641626379691644	22.28959332140976	22.607281	48744200		
2011-07-07	22.744659349645126	23.079517575454954	22.633040513450545	22.985071	51946500		
2011-07-08	22.787589918048365	23.165378780089153	22.761830669390786	23.113862	58320700		
2011-07-11	22.856279586974974	23.010828214268276	22.74465903509797	22.864864	43999800		
2011-07-12	22.79617441281973	23.002243251143437	22.61586654047225	22.78759	47319300		
2011-07-13	22.8391064678598	23.148206298285476	22.761831295600125	22.864864	40861800		
2011-07-14	22.85627967146829	23.191137893885074	22.633040284115083	22.727486	46382300		
2011-07-15	22.727485252757948	23.12244809139477	22.727485252757948	22.993657	49132400		
2011-07-18	22.864863661883415	23.09669003384731	22.547177705904474	22.83052	44501900		
2011-07-19	23.0194137895564	23.732062583214756	22.993657116650176	23.646203	86730600		
2011-07-20	23.42296458599529	23.483066640172456	23.165379815424235	23.234068	49795400		
2011-07-21	23.21689707706321	23.44872087681133	22.88203713837638	23.268413	81737400		
2011-07-22	23.062346283881972	23.65478754295661	22.907795083625313	23.637617	76380600		
2011-07-25	23.405790546040848	24.118439341096384	23.34568849422748	23.963889	108482400		
2011-07-26	23.886613620370373	24.169955909900285	23.85226995904035	24.109853	74636500		
2011-07-27	23.9381303056753	24.032578597145992	23.354275165235784	23.465894	71488700		
2011-07-28	23.43155011949142	24.101267414908637	23.362859360826384	23.800752	83761400		
2011-07-29	23.62902955912409	23.792165169124235	23.4057901810219	23.525996	104394800		
2011-08-01	23.620444124312435	23.77499532615977	22.9678982306564	23.414377	61838400		
2011-08-02	23.165379201693252	23.56892817834911	22.97648433792852	23.010828	63883100		
2011-08-03	23.036586829866266	23.18255104011887	22.73607227934621	23.113862	64581200		
2011-08-04	22.779003668211963	23.070932087181568	22.26383501141731	22.272422	92949500		
2011-08-05	22.298178913193848	22.40979946261682	21.66280614719626	22.049182	112071700		
2011-08-08	21.48249701470588	21.98049254901961	20.941569972269363	21.018846	134257200		
2011-08-09	21.216326815741947	21.99766637933233	20.63247168073968	21.963321	126268900		
2011-08-10	21.42239576677852	21.54260073129749	20.692573839149844	20.778436	127819900		
2011-08-11	21.03601818038832	21.791596750295408	20.95015688169286	21.628462	90690100		
2011-08-12	21.576944532223624	21.757254126693223	21.164811137450194	21.551187	64787100		
2011-08-15	21.671392486083885	21.963320911015284	21.594117314778515	21.903218	56529400		
2011-08-16	21.790892941095933	22.110585744378696	21.644007455494354	21.903218	54251500		$0.160
2011-08-17	21.816815	22.20563038878475	21.540324671287127	21.816815	50923700		
2011-08-18	21.229272773408997	21.678569551682205	20.762696213849857	21.315676	105714200		
2011-08-19	21.0910274777974	21.272475116525992	20.65901134756804	20.779975	77397900		
2011-08-22	21.09966718348624	21.160149439949958	20.555327739344996	20.719493	54721000		
2011-08-23	20.76269645758792	21.384798832313866	20.76269645758792	21.358877	59670600		
2011-08-24	21.298394937751006	21.540323967469885	21.099667520481933	21.514403	45329700		
2011-08-25	21.66992946031746	21.73905204232804	21.16879074074074	21.229273	48192000		
2011-08-26	21.177431114851483	21.89457790495049	21.09966820990099	21.816815	71957000		
2011-08-29	22.058744858614318	22.34387550954311	21.920499694527628	22.326594	38863200		
2011-08-30	22.231549873427372	22.83637245062905	22.20562976986527	22.663566	57341400		
2011-08-31	22.715409853130037	23.078301688223345	22.689488020300754	22.983259	59300800		
2011-09-01	22.86229306814224	23.207907705234366	22.646285	22.646285	60510800		
2011-09-02	22.274753082433527	22.46483932034261	22.17106834461505	22.292032	43894400		
2011-09-06	21.77361386285625	22.110585580948644	21.69585095928902	22.041463	54929300		
2011-09-07	22.19698986057073	22.464839	22.09330512423077	22.464839	41961000		
2011-09-08	22.464838766774932	23.035100058546913	22.421638017794166	22.654925	65811900		
2011-09-09	22.464838383838384	22.620364188034188	22.032822261072262	22.24019	64529200		
2011-09-12	21.98098219972102	22.4043571554406	21.834095847203393	22.369795	55046100		
2011-09-13	22.395716264373416	22.629005839492898	22.30067185137969	22.499401	48792300		
2011-09-14	22.61172435283019	23.156063815213017	22.36979445483566	22.896855	66739200		
2011-09-15	23.095582609484996	23.354793154880735	22.732688191543872	23.320231	67808300		
2011-09-16	23.37207201310369	23.56215997632154	23.181985777950377	23.432556	89681500		
2011-09-19	23.156063772353797	23.596720226255172	22.983258183875716	23.510317	52324900		
2011-09-20	23.59671977718347	23.760886767976277	23.268388387694586	23.31159	49211900		
2011-09-21	23.372071313728437	23.380711636160143	22.43891649110435	22.456198	72750700		
2011-09-22	21.860015746503098	22.162427907519067	21.255194016567998	21.652648	96278300		
2011-09-23	21.51440369969687	21.730411768970935	21.332957785538934	21.652648	64768100		
2011-09-26	21.764972940487738	22.050102715011686	21.36751724695294	21.980981	51057600		
2011-09-27	22.171067677444487	22.395716063887807	21.989621767810984	22.179708	55620700		
2011-09-28	22.404356288115718	22.784531342922012	22.04146274237686	22.101945	60736200		
2011-09-29	22.447558236245257	22.611724366533423	21.67856952068489	21.989622	63407300		
2011-09-30	21.77361474003125	22.03282356499894	21.497122677033335	21.505763	54060500		
2011-10-03	21.358876399772182	21.894577259903087	21.18607081345003	21.194712	64592500		
2011-10-04	20.99598356374988	21.93777875001665	20.961423136543015	21.894578	83485400		
2011-10-05	21.96370068998458	22.603084581038416	21.739052295830525	22.369795	94061300		
2011-10-06	22.37843580106302	22.810451936218676	22.20563021103303	22.75861	55111400		
2011-10-07	22.758609904	22.905495389333336	22.637646250698932	22.680847	52741600		
2011-10-10	22.965977521678635	23.302949239792902	22.870933108835818	23.27703	41815300		
2011-10-11	23.20790734773596	23.389353258148148	23.086941103375146	23.328871	38826200		
2011-10-12	23.48439696232926	23.596720292745225	23.24246792813308	23.294309	52489800		
2011-10-13	23.121503448123622	23.501678509359714	23.00053979486376	23.484397	43823500		
2011-10-14	23.596720426763476	23.76088742207554	23.346151932526585	23.56216	50947700		
2011-10-17	23.423915056026313	23.69176418828762	23.19926580800593	23.31159	39453300		
2011-10-18	23.27703078043763	23.674484770211816	23.156064531649342	23.596721	52487900		
2011-10-19	23.648564476216713	23.734965976548875	23.337511989956212	23.441195	42880000		
2011-10-20	23.553519231748552	23.622641812032477	22.81045149369632	23.363433	76300200		
2011-10-21	23.45847567746686	23.493037831631664	23.156063524774815	23.467116	76620600		
2011-10-24	23.380712078199704	23.674483910463994	23.363433161074102	23.493038	56897800		
2011-10-25	23.397994584035605	23.52759942848189	23.08694209333223	23.164705	53554600		
2011-10-26	23.354793061850998	23.380712301819557	22.55124218879278	22.974618	63029900		
2011-10-27	23.44119426514206	23.67448383853211	23.02645964587156	23.544879	74512400		
2011-10-28	23.44983429534507	23.493037635714973	23.14742473727168	23.31159	57712100		
2011-10-31	23.121504061641158	23.328871811072915	23.000540405171584	23.009179	46799000		
2011-11-01	22.629005312666333	22.741328640246252	22.343874672420085	22.456198	61182600		
2011-11-02	22.551242906574394	22.637647000133793	22.205630852498267	22.47348	53533100		
2011-11-03	22.67220677752707	22.97461807219683	22.447558387200967	22.922777	65836100		
2011-11-04	22.7931703306344	22.81045184	22.464838933333333	22.680847	36549200		
2011-11-07	22.646284960082873	23.173345509453192	22.577162378399198	23.156064	42589700		
2011-11-08	23.337511162002947	23.5016781541648	23.061021704974813	23.467116	47822500		
2011-11-09	22.974617716235965	23.112862877371647	22.516679755941766	22.637646	62950900		
2011-11-10	22.870933403816505	22.89685523604052	22.5685238363107	22.706769	32514400		
2011-11-11	22.965977355629875	23.397993483463395	22.957337033073205	23.251108	37903000		
2011-11-14	23.225187010407176	23.328871748878925	23.02646044843049	23.121504	34199200		
2011-11-15	23.12150219602842	23.452308574353026	22.98221690351533	23.2782	43874200		$0.200
2011-11-16	23.043153534141197	23.07797594514768	22.668823715187536	22.694939	53262800		
2011-11-17	22.64270723990966	22.668824266434246	22.146501146713145	22.233555	70977500		
2011-11-18	22.181321806376356	22.198732577025	21.894044090673678	22.024624	47626200		
2011-11-21	21.9723922448	21.98109763	21.676409148	21.763463	61882500		
2011-11-22	21.667703111804997	21.728640808822437	21.458774735426594	21.580651	49204500		
2011-11-23	21.423954135514144	21.580651071218963	21.302077	21.302077	49099700		
2011-11-25	21.223729084347454	21.476186135645523	21.154086	21.154086	26164600		
2011-11-28	21.711231696785777	21.73734611147406	21.493597065407997	21.650294	46766700		
2011-11-29	21.606766229468597	21.798285575852535	21.545828532608695	21.624177	40917100		
2011-11-30	22.085563775933387	22.27708138545739	21.885338169336357	22.268376	81350900		
2011-12-01	22.250964048331525	22.311901745683674	21.937571917311832	22.007215	48545400		
2011-12-02	22.277081128750243	22.303198155359997	21.902749558396096	21.954981	52293800		
2011-12-05	22.442484082115055	22.459893111566767	22.198732424173837	22.372841	56818400		
2011-12-06	22.468598910833244	22.52083296445904	22.294492943414614	22.338019	46175300		
2011-12-07	22.346724698828126	22.42507316875	22.05944697578125	22.285787	62667000		
2011-12-08	22.181321080314962	22.390249450721342	22.085562715420394	22.111678	60522200		
2011-12-09	22.2161431947026	22.52083254949449	22.198732424173837	22.372841	53788500		
2011-12-12	22.120384146609172	22.259670312034494	22.015920393078712	22.207438	38945900		
2011-12-13	22.416367614518634	22.72105610636646	22.32931375970497	22.425073	54581100		
2011-12-14	22.390250138449353	22.51212727382106	22.259670229386476	22.277081	47926400		
2011-12-15	22.390250165073795	22.529536330147586	22.23355497044284	22.250964	46213900		
2011-12-16	22.346724282307694	22.781993551538463	22.31190187023069	22.634002	101408100		
2011-12-19	22.651411998769603	22.73846672018732	22.163909563307538	22.224849	52258300		
2011-12-20	22.51212744863587	22.721055827081994	22.46859878068699	22.660119	60767600		
2011-12-21	22.642707637034164	22.799405446237305	22.14650153513482	22.425073	64132500		
2011-12-22	22.47730525599788	22.512127668373758	22.181322150380556	22.468599	35794100		
2011-12-23	22.555653504969136	22.668824385374364	22.398956568230638	22.660119	23205800		
2011-12-27	22.599179177112013	22.75587611118663	22.573063891971433	22.668824	21287200		
2011-12-28	22.72976204598393	22.764582716886135	22.425072687838888	22.477305	29822500		
2011-12-29	22.590476172229558	22.677528285879596	22.51212770297514	22.651413	22616900		
2011-12-30	22.634002412711958	22.73846790977072	22.555653942821802	22.59918	27395700		
2012-01-03	23.112797648325852	23.46971845407856	22.973511480227234	23.304317	64731500		
2012-01-04	23.34784266788321	23.91369182471697	23.31302199827573	23.852755	80516100		
2012-01-05	23.835344565155093	24.14003392738439	23.75699783694028	24.096507	56081400		
2012-01-06	23.965926651544372	24.540482082545605	23.965926651544372	24.470839	99455500		
2012-01-09	24.418605075748413	24.46213287310743	24.131327358733273	24.148739	59706800		
2012-01-10	24.314141468749998	24.505659947916666	24.15744453125	24.235793	60014400		
2012-01-11	23.878872688271017	24.3576688960198	23.82664124523698	24.131328	65582400		
2012-01-12	24.261909860895678	24.392489770714285	24.0703905125	24.375079	49370800		
2012-01-13	24.31414166442478	24.592714	24.19226713814917	24.592714	60196100		
2012-01-17	24.723294394904457	24.940929028662417	24.523070531847132	24.601419	72395300		
2012-01-18	24.644944209872406	24.723293545873183	24.348961118126038	24.575302	64860600		
2012-01-19	24.514364670186183	24.758116325797573	24.401195533369435	24.479544	74053500		
2012-01-20	25.088920574517694	25.88981602658418	25.02798287707785	25.863699	165902900		
2012-01-23	25.724412197069963	26.072629343461486	25.550305364951228	25.88111	76078100		
2012-01-24	25.654770140708898	25.74182486605317	25.40231483231084	25.541601	51703300		
2012-01-25	25.306555975526248	25.81146834105102	25.306555975526248	25.733119	59231700		
2012-01-26	25.77664711019956	25.854995579013117	25.59383314576271	25.680887	49102800		
2012-01-27	25.637360345393123	25.707003427158433	25.393608688676018	25.445841	44187700		
2012-01-30	25.219499615800554	25.785351385048788	25.097625095656024	25.776646	51114800		
2012-01-31	25.820172135449642	25.854994546292197	25.445840577181155	25.707003	50572400		
2012-02-01	25.93334388737839	26.159682165917907	25.907226860730244	26.020396	67409900		
2012-02-02	26.029102202701093	26.264147607207093	25.86369901047315	26.07263	52223300		
2012-02-03	26.23803027694825	26.464371164021166	26.19450422123016	26.325085	41838500		
2012-02-06	26.15097783772471	26.307673029207386	26.09003840065224	26.290264	28039700		
2012-02-07	26.246737289950573	26.542720397034593	26.159682564387314	26.420845	39242400		
2012-02-08	26.34249559230268	26.699416385192436	26.307673180994424	26.690711	49659100		
2012-02-09	26.70812253103672	26.812586285782547	26.534014822229445	26.786471	50481600		
2012-02-10	26.673299522904095	26.812585686838524	26.4295504770959	26.551425	44605300		
2012-02-13	26.664594055556968	26.786470319162852	26.49048722171354	26.621068	33319800		
2012-02-14	26.577254561652893	26.69116872306932	26.15664519173554	26.507153	59644000		$0.200
2012-02-15	26.577254340008462	26.629829634540155	26.314374362271955	26.331898	43311300		
2012-02-16	26.559728122780374	27.646302321355822	26.550965427630572	27.418474	94705100		
2012-02-17	27.339609401069506	27.444760865280003	27.120542025069504	27.383422	70036500		
2012-02-21	27.32208305336886	27.698879815236456	27.295794968327133	27.549914	50829900		
2012-02-22	27.558677390500414	27.76021850463703	27.32208374288455	27.400948	49253200		
2012-02-23	27.339610180075415	27.68135442010346	27.16435539801226	27.488576	35034700		
2012-02-24	27.584964	27.602489390088945	27.37465931893265	27.584964	35575400		
2012-02-27	27.374660350877193	27.602490430622012	27.251982615629988	27.47105	34568400		
2012-02-28	27.52362515143944	27.97928529402933	27.49733619002052	27.92671	45230600		
2012-02-29	27.944233549061313	28.04062407057341	27.6988798409828	27.812794	59323600		
2012-03-01	27.979286092930135	28.382369200461042	27.90918453053006	28.294744	77344100		
2012-03-02	28.312269113659283	28.426182398906086	28.040624685746593	28.110728	47314200		
2012-03-05	28.049385723856783	28.084437381102745	27.707643238145067	27.86537	45240000		
2012-03-06	27.637542361616234	28.02310008564956	27.59372800803954	27.655066	51932900		
2012-03-07	27.7514561790201	27.97052356281407	27.62877932036501	27.900422	34340400		
2012-03-08	28.075676714799723	28.224640782877085	27.952998103904903	28.049386	36747400		
2012-03-09	28.128249894850768	28.18082781869334	27.970523133479215	28.031862	34628400		
2012-03-12	28.014335381710012	28.21587912171651	27.8828958313703	28.075676	34073600		
2012-03-13	28.25093160444785	28.64525026699653	28.172067346176394	28.627724	48951700		
2012-03-14	28.50504743285465	28.811743526254283	28.46999927985065	28.715353	41986900		
2012-03-15	28.732878457571047	28.864317133125795	28.54886273450927	28.785452	49068300		
2012-03-16	28.83803030754787	28.873081965108863	28.478759799310417	28.566385	65626400		
2012-03-19	28.513810632362368	28.57514949784874	28.172066400922102	28.215879	44789200		
2012-03-20	28.128249894850768	28.172066876015133	27.812794619568617	28.031862	41566800		
2012-03-21	28.005572599130055	28.172066434456912	27.88289574428079	27.96176	37928600		
2012-03-22	27.87413291279297	28.1194892578125	27.85660927470703	28.040625	31749500		
2012-03-23	28.12825025797339	28.13701558211237	27.795268711688575	28.049386	35912200		
2012-03-26	28.20711531151813	28.57515026688014	28.172067159105488	28.557624	36758300		
2012-03-27	28.610201790976934	28.65401439102967	28.39113440936562	28.496285	36274900		
2012-03-28	28.496284818151132	28.654014208174253	28.075676324411035	28.207115	41344800		
2012-03-29	28.093201581537283	28.207114866168705	27.874132449824298	28.145776	37038500		
2012-03-30	28.391134238040127	28.399895180712655	28.075676334153922	28.268453	31749400		
2012-04-02	28.23340513289994	28.443708067561108	27.996812359799684	28.294744	35853600		
2012-04-03	28.18082741575368	28.207114624760063	27.742692661155523	27.988049	42752100		
2012-04-04	27.742693162534227	27.76898212455473	27.208167875994775	27.348371	49455900		
2012-04-05	27.295796269035534	27.716404773476654	27.20816843845127	27.620016	50368600		
2012-04-09	27.35713346585267	27.514862855305466	27.138066086431447	27.251982	31056400		
2012-04-10	27.216931028454187	27.330847821161136	26.550966178242014	26.699932	54131300		
2012-04-11	26.66488156177924	26.752509390272813	26.489627657331134	26.59478	43014000		
2012-04-12	26.70869425177534	27.199406046056456	26.65611808198838	27.146829	38304000		
2012-04-13	27.0679645615093	27.30455820787271	26.918998743302033	26.997863	39749200		
2012-04-16	27.155592742277992	27.33084752459643	26.962813445624196	27.234457	38124800		
2012-04-17	27.400947308494043	27.698879815236456	27.33960931966618	27.549914	34361500		
2012-04-18	27.409711485444554	27.435997818528126	27.199406800463674	27.287032	40552900		
2012-04-19	27.278269466845597	27.760218582392774	27.111780009452367	27.173118	54781200		
2012-04-20	28.172066735393138	28.820503549424775	28.084437154849425	28.408656	106045000		
2012-04-23	28.312268960711236	28.478759292613926	28.066911743497375	28.145776	61398200		
2012-04-24	28.224640283818204	28.496284710526318	27.89165874342105	27.970523	40871100		
2012-04-25	27.97052266178501	28.321030464564274	27.92671006270711	28.215879	62495500		
2012-04-26	28.14577594261007	28.242166465519578	27.970522915897767	28.137015	40308100		
2012-04-27	28.1457758554378	28.23340455919634	27.935471172510972	28.023099	41419100		
2012-04-30	28.023099219237977	28.137015132984068	27.970523048094943	28.05815	35697200		
2012-05-01	28.08443765759104	28.33855669844153	27.996812456826326	28.049386	43832300		
2012-05-02	27.909184352490072	27.97928591444295	27.72516687609424	27.86537	37385300		
2012-05-03	27.93547146629975	27.95299773299748	27.698880448057935	27.83032	31501300		
2012-05-04	27.55867653960068	27.663828002905102	27.094252830213044	27.146829	57927200		
2012-05-07	26.901474350984014	27.041677470070475	26.78755844045677	26.85766	48641400		
2012-05-08	26.708694609836066	26.97157633856459	26.437051062295083	26.72622	46328300		
2012-05-09	26.454578239403478	27.015389867685304	26.375713104681406	26.954051	50309300		
2012-05-10	27.04167821849463	27.18188046519193	26.68240771589216	26.936525	43839200		
2012-05-11	26.892712205537805	27.63754129090366	26.892712205537805	27.304558	43459300		
2012-05-14	27.006626733376795	27.199406904952706	26.848897342765678	26.883949	40528900		
2012-05-15	27.02507131080001	27.166194403190712	26.592882722372813	26.645803	61822800		$0.200
2012-05-16	26.73400504373318	26.742826119063547	26.231254907023413	26.372378	60083700		
2012-05-17	26.451760104702558	26.645803478202875	26.204793806567288	26.213614	48484000		
2012-05-18	26.275357955131774	26.29299657852043	25.728505062863	25.816707	56205300		
2012-05-21	25.666762436974793	26.275356655128572	25.63148078184622	26.240075	38787900		
2012-05-22	26.18715552718064	26.354737440561287	26.01957096774193	26.248896	39504900		
2012-05-23	25.88726776065724	25.931368727881527	25.261033144053002	25.675584	65171000		
2012-05-24	25.71968373993808	25.843165564489095	25.366876006879945	25.640302	52575000		
2012-05-25	25.75496647578969	25.896089574933637	25.587381913536884	25.631482	29507200		
2012-05-29	25.91372751763317	26.21361409543718	25.772604422195986	26.072491	37758800		
2012-05-30	25.887268193592366	26.001930710293113	25.684404622987316	25.878448	41585500		
2012-05-31	25.843165361791353	25.949008562897962	25.525640168568167	25.746145	39134000		
2012-06-01	25.36687611223634	25.54327909747873	25.084630806636913	25.093451	56634300		
2012-06-04	25.24339511961636	25.384518218079517	24.97878842797858	25.181652	47926300		
2012-06-05	25.146372	25.358056646790597	25.040528794585335	25.146372	45715400		
2012-06-06	25.47271802223959	25.90490926907216	25.410976667554753	25.887268	46860500		
2012-06-07	26.143052043057644	26.195974966863666	25.728503840232637	25.781425	37792800		
2012-06-08	25.763783614776624	26.178333579763912	25.622660522702425	26.151873	42551100		
2012-06-11	26.222435054325263	26.292995719710763	25.41979745259516	25.490359	46361900		
2012-06-12	25.666762445655092	25.84316542924164	25.43743742036745	25.834347	35337900		
2012-06-13	25.77260474216896	25.9666507648429	25.62266145140537	25.693223	32984600		
2012-06-14	25.86962780640763	25.98428944108902	25.472718212731834	25.878448	39458900		
2012-06-15	26.098952677881414	26.53114216122585	26.010750742504996	26.478221	62314400		
2012-06-18	26.451759900469167	26.48704155594695	26.204793604240717	26.319457	58679900		
2012-06-19	26.628164146899994	27.439621921119613	26.504679678088806	27.077994	75725800		
2012-06-20	27.280858	27.38669943805826	27.025071511126477	27.280858	36257100		
2012-06-21	27.307317858104042	27.466081339151273	26.513500452867902	26.584062	48456600		
2012-06-22	26.72518450803979	27.1044536975748	26.487041055731368	27.077994	45098100		
2012-06-25	26.725184543987197	26.742825812426325	26.125413169752424	26.345918	42217200		
2012-06-26	26.46058061292472	26.698725838441042	26.407660333718223	26.478221	38421300		
2012-06-27	26.6281652691589	26.901590387802454	26.487042172042557	26.610524	33781700		
2012-06-28	26.442939352724846	26.50467982343036	25.949008530926115	26.381198	45328400		
2012-06-29	26.857490172637203	27.069174817292318	26.584062409252304	26.980972	55227200		
2012-07-02	27.00743392611076	27.00743392611076	26.645804221246504	26.954511	30589100		
2012-07-03	26.663444748049415	27.130915	26.610523587451237	27.130915	20938100		
2012-07-05	26.98097099280225	27.148555545584315	26.795746053624104	27.077994	28801900		
2012-07-06	26.998612112273996	27.077993850618423	26.41647936441486	26.628164	38294800		
2012-07-09	26.566423202019333	26.66344444666667	26.266536628686	26.46058	30680800		
2012-07-10	26.531141573638198	26.654623398411065	26.028390553127107	26.231255	37534100		
2012-07-11	26.20479393247877	26.23125539492339	25.67558408801195	25.843166	39184900		
2012-07-12	25.710863942049038	25.737324522435365	25.172833022879708	25.252213	63523600		
2012-07-13	25.36687668754259	26.001930624087464	25.33159503127074	25.922548	39085000		
2012-07-16	26.0019298912388	26.046031739830784	25.613842267418743	25.96665	27900600		
2012-07-17	26.143052730927376	26.337098752552055	25.754965979794132	26.160694	33771300		
2012-07-18	26.10777267297955	26.85749	25.984289082371784	26.85749	41090400		
2012-07-19	26.910409906423215	27.1661946315118	26.795746510872743	27.051533	46663200		
2012-07-20	27.342599125411716	27.386699209723698	26.504679883097516	26.566423	64021700		
2012-07-23	26.08131172502351	26.090131918369813	25.58738089763044	25.825527	55151900		
2012-07-24	25.790244738250426	25.896087937936983	25.490358171526584	25.710863	47723300		
2012-07-25	25.79024593548387	25.869627677419356	25.38451791427742	25.428618	45579500		
2012-07-26	25.781425353909466	26.019570576131688	25.657942646090536	25.719684	45301400		
2012-07-27	26.00193058064516	26.32827774193548	25.737324774193542	26.248896	44242600		
2012-07-30	26.240076011810928	26.301817367132838	25.98428951488652	26.143053	28905000		
2012-07-31	26.001930075396338	26.204793641048	25.869627174741332	25.993109	37620900		
2012-08-01	26.098952482488947	26.1518736433186	25.763784248548486	25.940189	31721800		
2012-08-02	25.763783622475895	26.046031570747292	25.552098984301338	25.746145	39520500		
2012-08-03	26.046031629918488	26.407659554288237	26.001929781512608	26.240075	35859400		
2012-08-06	26.460580084788646	26.557603093785538	26.29299552889898	26.41648	27471800		
2012-08-07	26.522321326834103	26.769286739920684	26.345918342363017	26.689905	28002900		
2012-08-08	26.645803795527627	26.875128827509165	26.557603624188822	26.751647	26257600		
2012-08-09	26.8045669901118	27.03389290163934	26.725185249128195	26.90159	24920800		
2012-08-10	26.901589546351083	27.007432747897038	26.681084714003944	26.831028	27810300		
2012-08-13	26.769287108235837	26.866308354121138	26.60170343276418	26.804567	23049100		
2012-08-14	26.902231618019798	26.982139239324397	26.644752392789655	26.751295	34551400		$0.200
2012-08-15	26.733538382116144	26.884474993674534	26.65362987636987	26.813446	24351000		
2012-08-16	26.955504772349002	27.470464991486097	26.866717639807746	27.328407	35787200		
2012-08-17	27.45270624854369	27.45270624854369	27.159711647572816	27.434949	32589900		
2012-08-20	27.36391999414444	27.390555866948603	27.150833011711125	27.292891	23737700		
2012-08-21	27.3106493893068	27.48822099422266	27.17747090758552	27.346163	28822700		
2012-08-22	27.15971223445605	27.31064885033894	27.053167853029215	27.11532	33437400		
2012-08-23	26.982139231767412	26.991018744216785	26.706902757435554	26.866718	28355600		
2012-08-24	26.857839524143962	27.195226372452563	26.7956891516914	27.133076	22943300		
2012-08-27	27.461585096396703	27.488220081566663	27.159711868696256	27.248499	34691100		
2012-08-28	27.25737814732629	27.346162616746216	27.097562018203135	27.195226	23947900		
2012-08-29	27.212984	27.301770244698208	27.026533773996217	27.212984	23346800		
2012-08-30	27.10644099901019	27.177469993733148	26.831201868733874	26.919989	23982100		
2012-08-31	27.168590266061	27.488219851916938	26.973259644259574	27.36392	36590100		
2012-09-04	27.035412522788796	27.221862749649976	26.769052899606873	26.982139	48556700		
2012-09-05	26.831202383318967	27.106441518873986	26.822323758808317	26.982139	33650000		
2012-09-06	27.0798049122807	27.84336751242386	27.04428952617263	27.834488	48371700		
2012-09-07	27.559250618419785	27.585885603363955	27.284012378222542	27.479343	42649100		
2012-09-10	27.3727997588802	27.43495013134603	27.088683770464968	27.275134	40524000		
2012-09-11	27.248498757349342	27.443827603318365	27.177469763228817	27.337285	25191800		
2012-09-12	27.470464991486097	27.68355109085279	27.28401298979815	27.328407	32775800		
2012-09-13	27.426069103538037	27.683550091675823	26.991017408176553	27.470464	45047300		
2012-09-14	27.532614398994376	27.74570138563606	27.35504102226386	27.710186	51422800		
2012-09-17	27.69243052683808	27.754580010079465	27.559251160187028	27.710186	36488500		
2012-09-18	27.612522004490064	27.710185985453787	27.550372521281304	27.683551	34542700		
2012-09-19	27.60364338562459	27.692430517892387	27.559251151284357	27.568128	48871900		
2012-09-20	27.479343774051866	27.949909985694436	27.443828388113566	27.923275	45543000		
2012-09-21	27.90551609472536	28.065332219528628	27.603642869392665	27.69243	102348900		
2012-09-24	27.523735850430935	27.5858862217061	27.204104481724773	27.328407	46825900		
2012-09-25	27.47934374832125	27.523735983012042	26.955504902192956	26.982139	54266400		
2012-09-26	26.884475756937682	27.168590851839575	26.671388769864432	26.78681	54672000		
2012-09-27	26.78680962433687	26.991017984084877	26.538207255042074	26.777931	47129900		
2012-09-28	26.795689235887092	26.866718233198924	26.40502975067204	26.422787	54229300		
2012-10-01	26.467178089078914	26.618115589691424	26.12091263004409	26.183063	54042700		
2012-10-02	26.351757248819958	26.538207473567095	26.191942009440325	26.334	43338900		
2012-10-03	26.41390724501315	26.62699422783006	26.342878250740846	26.511573	46655900		
2012-10-04	26.609236477797324	26.66251	26.254092389141114	26.66251	43634900		
2012-10-05	26.840081729313233	26.857838978224457	26.40502913098827	26.502694	41133900		
2012-10-08	26.316241484325538	26.56484385208718	26.236333865786506	26.440544	29752000		
2012-10-09	26.351757086347096	26.40502883247852	25.90782586858518	25.996613	45121100		
2012-10-10	25.881189611801243	26.02324671151646	25.703618015191616	25.730253	47227100		
2012-10-11	25.94333907817074	25.969975838688224	25.63258900625316	25.703618	41488500		
2012-10-12	25.72137386414528	26.032126604379226	25.57043725013626	25.925584	46464700		
2012-10-15	26.076521144385666	26.387271227352727	25.969976762114538	26.200821	42440200		
2012-10-16	26.147549390744764	26.40502860698542	26.032126387249917	26.183063	47739400		
2012-10-17	26.01436900061338	26.316242234814126	25.827918773234202	26.27185	44206100		
2012-10-18	26.325121366101694	26.396150361355936	25.97885501423729	26.191942	59238500		
2012-10-19	25.792403609079038	25.81904037077655	25.30408014329889	25.42838	90470800		
2012-10-22	25.508287572857142	25.597073815714282	24.709211387142854	24.860148	83374000		
2012-10-23	24.655940400211776	25.037722144109203	24.647061775652826	24.904541	64414800		
2012-10-24	25.00220623369176	25.037721619045232	24.744727014744157	24.771362	53320400		
2012-10-25	25.02884313279939	25.037721757221153	24.735848526881366	24.753604	54084300		
2012-10-26	24.735848916074012	25.16202200716136	24.718090779088648	25.046599	57790000		
2012-10-31	25.34847184870123	25.64146645476309	25.30407961443309	25.339595	69464100		
2012-11-01	25.605953523035232	26.245213610782525	25.58819627371274	26.2097	72047900		
2012-11-02	26.27184961966102	26.43166485898305	26.041005385084745	26.191942	57131600		
2012-11-05	26.298486151395515	26.405028755485276	26.041005157981946	26.307363	38070800		
2012-11-06	26.476057615001416	26.81344622565729	26.289607392899047	26.511573	43401500		
2012-11-07	26.21857898965062	26.48493683631362	25.792403238685008	25.81904	57871800		
2012-11-08	25.854556142793232	26.07652176139669	25.570438375255858	25.579317	49841800		
2012-11-09	25.641466233885748	25.916705364449324	25.579315863438296	25.597074	43291200		
2012-11-12	25.694740753728514	25.756890238727507	25.046599375305505	25.055478	61112300		
2012-11-13	24.18717592248062	24.43781933739989	23.94548319490587	24.249837	131689200		$0.230
2012-11-14	24.38411029359165	24.428869100448843	23.990239775482596	24.026047	76086100		
2012-11-15	24.061851912043586	24.142416151353416	23.83806235840518	23.864918	50955600		
2012-11-16	23.873870738687785	23.9007263815836	23.578468513574663	23.739597	64083300		
2012-11-19	23.990239179664083	23.990239179664083	23.694836969787545	23.927579	57179300		
2012-11-20	23.95443480772875	23.99024024262689	23.685886437147527	23.909676	47070400		
2012-11-21	23.909675236208155	24.321448913860895	23.87386980245381	24.124515	66360300		
2012-11-23	24.375158734470805	24.858544181279992	24.348304882584085	24.795884	57845700		
2012-11-26	24.652658524682057	24.688463958687986	24.321449084755354	24.518383	85198700		
2012-11-27	24.491530200918945	24.50943157529967	24.20507956576385	24.240885	45018600		
2012-11-28	24.178223725211122	24.51838295650903	23.963385750607248	24.49153	53018400		
2012-11-29	24.26774031565027	24.49152987135381	24.043950759946725	24.124515	69551400		
2012-11-30	24.21402924894282	24.285641907409662	23.71274153483315	23.829113	83690200		
2012-12-03	23.972338275407946	24.008143709421113	23.63217725312145	23.659032	53173800		
2012-12-04	23.72169267266998	23.83806234533996	23.578467358419896	23.605323	49777500		
2012-12-05	23.614273218077617	24.106611139857517	23.5068551256093	23.87387	68283800		
2012-12-06	23.99919076178156	24.151368552936777	23.82016090974856	23.927579	39182300		
2012-12-07	24.00814385971821	24.00814385971821	23.605323549176475	23.685886	46162100		
2012-12-10	23.775401090907053	24.14241595590279	23.73959565777299	24.115563	47031100		
2012-12-11	24.21402938119608	24.607899900073203	24.21402938119608	24.455723	52282800		
2012-12-12	24.643706779886564	24.72427101997467	24.24088468428781	24.38411	43966300		
2012-12-13	24.45572232918767	24.634753971421837	24.124514686212663	24.26774	45080100		
2012-12-14	24.26774126769613	24.285642642538257	23.90072638194399	23.999192	42077500		
2012-12-17	23.981289844235718	24.366206092295645	23.882821543911437	24.258788	42046100		
2012-12-18	24.393061842999337	24.73322107629394	24.29459354223634	24.67056	50486900		
2012-12-19	24.786932926536206	24.822738361506346	24.393062399965665	24.446771	53519900		
2012-12-20	24.491530259320086	24.77798	24.30354613439306	24.77798	52607300		
2012-12-21	24.572094	24.607899433592003	24.16927190640175	24.572094	98776500		
2012-12-24	24.348304943506502	24.393061960201845	24.169272400933938	24.222981	20842400		
2012-12-26	24.19612789939773	24.348304798795464	23.90072568291978	24.043951	31631100		
2012-12-27	24.07080392386272	24.249836465127466	23.78435418525053	24.133465	39394000		
2012-12-28	23.909675316129015	24.07975627419044	23.76645	23.76645	28239900		
2012-12-31	23.802257904989066	23.963386390242846	23.60532398483714	23.909676	42749500		
2013-01-02	24.393061562524927	24.822737509314358	24.30354574027713	24.724271	52899300		
2013-01-03	24.733221235483963	24.75112529541284	24.31249775853211	24.393062	48294400		
2013-01-04	24.4109648605086	24.47362593642483	23.927579417726253	23.936531	52521100		
2013-01-07	23.96338576308034	24.061852273000145	23.847014298284442	23.891774	37110400		
2013-01-08	23.945482540319492	23.981289764509974	23.68588575967743	23.76645	44703100		
2013-01-09	23.91862637380707	23.94548201515049	23.775401060819252	23.900725	49047900		
2013-01-10	23.85596695978711	24.151369177300424	23.533710890385372	23.685886	71431300		
2013-01-11	23.712741205739846	24.106610821841226	23.524758875031495	24.017095	55512100		
2013-01-14	24.07975647749187	24.240884959497393	23.954434324820912	24.070804	48324400		
2013-01-15	24.01709576137801	24.428869450059697	24.01709576137801	24.357255	48244500		
2013-01-16	24.303545508374796	24.375158165489715	24.178223358423697	24.205079	41077400		
2013-01-17	24.33935340084631	24.589995917318827	24.22298103952066	24.393062	51685900		
2013-01-18	24.258788264220183	24.428869224699522	24.205079665066496	24.393062	52167700		
2013-01-22	24.4378188396484	24.572094364771495	24.16927226519337	24.303546	58650600		
2013-01-23	24.348304134987863	24.742171955903984	24.348304134987863	24.715319	50387700		
2013-01-24	24.79588386641711	25.12709151636234	24.589995683198502	24.733221	101739300		
2013-01-25	24.688464421393988	25.270317281216546	24.518383459518382	24.957011	81847700		
2013-01-28	25.07338182228592	25.27031663131494	24.849592266571122	24.983866	56056500		
2013-01-29	24.903301936451264	25.18080009234623	24.706367126026418	25.073382	49242600		
2013-01-30	25.073382318491923	25.23451169695357	24.849592758348297	24.930157	43580500		
2013-01-31	24.87644779437691	25.037574483436487	24.527335193903998	24.572094	50530000		
2013-02-01	24.769028854278556	25.109188095174723	24.661608968787323	25.00177	55565900		
2013-02-04	24.948060027517563	25.082332862888745	24.545237940771216	24.563142	50540000		
2013-02-05	24.724270881340036	24.760076314909092	24.491529744612762	24.616851	35410400		
2013-02-06	24.50943143402977	24.652658541098244	24.39306175932699	24.473626	41889600		
2013-02-07	24.48257717989087	24.51838261333213	24.258787626144155	24.419917	38028300		
2013-02-08	24.482578244376707	24.80483432062524	24.446771019062144	24.661609	33318500		
2013-02-11	24.751124877920855	24.992817598247754	24.616851144405917	24.939109	32247700		
2013-02-12	24.957011	25.06443088466395	24.840641323193736	24.957011	35990900		
2013-02-13	25.001769282134525	25.1628986581658	24.957010475622678	25.091286	41715600		
2013-02-14	24.99281811580535	25.11813937452292	24.948061098865082	25.100238	32663200		
2013-02-15	25.100237642034344	25.207655734380577	24.957010535045267	25.073382	49650900		
2013-02-19	25.163638176348066	25.3531786846053	25.091432612276563	25.317075	38781400		$0.230
2013-02-20	25.389280275425396	25.452461948408757	25.118510315805153	25.154614	44110200		
2013-02-21	25.037278379046924	25.037278379046924	24.576967925791198	24.811636	49078500		
2013-02-22	24.983124438040345	25.05533	24.802610533141213	25.05533	31425900		
2013-02-25	25.244868914205412	25.317074476784676	24.703329	24.703329	48011800		
2013-02-26	24.712352890183347	24.91091908984585	24.676251011463247	24.703329	49923300		
2013-02-27	24.74845678203728	25.271947115136534	24.66722552345291	25.100458	36394700		
2013-02-28	25.163637562309557	25.2448688199078	25.037278730837365	25.091432	35840200		
2013-03-01	25.01922620515044	25.253895183044893	24.838713203623854	25.226819	34849700		
2013-03-04	25.136561143872118	25.407332	25.00117661837769	25.407332	38157500		
2013-03-05	25.533693729024584	25.759336118795307	25.41635878377425	25.587847	41432200		
2013-03-06	25.4614854406131	25.479537733713066	25.07338234934774	25.353178	51448500		
2013-03-07	25.371230718889013	25.524667540972764	25.28097286215256	25.398306	29196700		
2013-03-08	25.497589383928574	25.569794946785713	25.235843316001894	25.271947	37667800		
2013-03-11	25.217793867844282	25.24486914892418	24.974099189303942	25.154614	36627500		
2013-03-12	25.12753613185238	25.226819684368184	24.947021320289643	25.190716	39255200		
2013-03-13	25.15461342656665	25.289997952005727	25.046304181590255	25.199741	29093400		
2013-03-14	25.271947166735867	25.41635829340293	25.208767298819026	25.398306	55914800		
2013-03-15	25.299025304530158	25.41635844306853	25.253895924611413	25.308051	92710300		
2013-03-18	25.163637799209823	25.524667419295515	25.100457931594164	25.362204	44809400		
2013-03-19	25.38025672939709	25.470511879545423	25.299025469638394	25.43441	51901600		
2013-03-20	25.578820390536723	25.714205819562146	25.434409266242938	25.560769	35447800		
2013-03-21	25.37123	25.59687237902375	25.31707402389527	25.37123	34233200		
2013-03-22	25.44343573124209	25.57882025699115	25.36220357168142	25.497589	28720900		
2013-03-25	25.542716831805468	25.5878462109375	25.235843191180468	25.416358	44154000		
2013-03-26	25.488563562499998	25.578820515624997	25.37123042600703	25.416358	27824300		
2013-03-27	25.39830520676055	25.678103561078412	25.344151938521257	25.605898	36047400		
2013-03-28	25.560768935310417	25.86764257365807	25.506614763837305	25.822515	55453800		
2013-04-01	25.849590280597507	25.86764257365807	25.59687261886202	25.822515	29201100		
2013-04-02	25.804463298071642	26.039131379830952	25.741283429905675	25.994002	28456500		
2013-04-03	25.948874114106236	26.129388923556508	25.759335414450995	25.777385	35062800		
2013-04-04	25.623948492885	25.82251559802409	25.515641049999996	25.813489	45263200		